Class Label Short	File Name	Transcript
N	TA_TE_003	2008ல நீயா நானா ஷோ பாரு 2014 நீயா நானா ஷோ பாரு, இப்பவும் ஷோவ பாரு இப்ப சட்டை ஒருநாள் டக்கு கூட பண்ண முடியலையே அது உனக்கு சினை இல்லை உனக்கு வந்த வென அப்படின்னு சொல்றது தான் டி எம் ஐ
N	TA_TE_001	சட்டமன்றத்தில் சட்டமன்ற பேரவையில் 2 அடி தூரத்தில் ஒருவருக்கு ஒருவர் பார்த்துக் கொண்டு இருக்க வேண்டும் என்றதால் அதற்கு பயந்து இருக்கைகளே மாற்றிவிட்டு ஒரு 15 அடி தூரம் தள்ளி உட்கார வைத்தார் கருணாநிதி அன்று
N	TA_TE_005	ஒன்னு நீங்களே அவார்ட் மாத்தி மாத்தி கொடுத்து வாங்க இல்ல அரைகுறை டிரஸ் போட்டு ஆடுங்க இல்ல ஜோடின்னு இருக்க சோ வச்சு ஏற்கனவே கல்யாணம் ஆனவனுக்கு திருப்பி கல்யாணம் பண்ணுங்க என் சமுதாயத்தை சீர்படுத்தலான காமெடி பண்ற உனக்கே தெரியும் நீ அரைகுறை சொன்ன எல்லாத்துக்கும் ஒரு அர்த்தம் இருக்கு அப்படின்னு
R	TA_TE_012	வாடா விஜய் உன் அமைப்பில் நானே நாளைக்கு வந்து சேருகிறேன் விஜய் நாசமா போற நாய் கட்சியில் வந்து சேறுகிறேன் வா நீ ஆனால் நீ வர மாட்ட நல்லா துட்டையும் வாங்கிட்டு நடிகை தடவிக்கிட்டு நல்லா ஏசி ரூம்ல படுத்து தூங்குவ வக்காளி பயலே
P	TA_TE_010	பாபர் மசூதி எடுத்த அத்வானி சுப்ரீம் கோர்ட் அவனை பிடிக்க ஸ்பெஷல் டீம் போட்ட மாதிரி அதுல நீ போலீஸ் ஆஃபீஸ்ரா வந்து நீ நல்லா அப்பனுக்கு பொறந்திருந்தா நீ அதானே சொல்ற மாதிரி எடுடா பண்டார பயலே
R	TA_TE_009	கொசுவை நாம் ஒழிக்க தான் முடியும் எதிர்க்க முடியாது எப்படி டெங்கு மலேரியா அதையெல்லாம் நாம் ஒழிக்க தான் முடியுமோ அதே போல் சனாதானத்தையும் ஒழித்து தான் ஆக வேண்டும் சனாதனத்தை எதிர்ப்பதே நம்முடைய முதல் கடமை
N	TA_TE_002	நான் எப்படிப்பட்ட ஜெனரேஷன் என்றால் என்னால கண்ணால பாக்குறது கூட நம்ப முடியல ஊருக்கே தெரியும் உங்களை கேமரா வச்சு எடுத்துட்டு இருக்காங்க அப்படின்னு ஆனா அந்த கெடச்ச 100 நாள் இல்ல நீ தமிழ்நாடு சிஎம் ஆகவேண்டும் என்று செய்கிற வேலை எல்லாம் இருக்கு பாத்தியா என்னால தாங்க முடியலடா கேட்டா பிக் பாஸ்னு சொல்ற
C	TA_TE_006	இவன் இவ்ளோ பெரிய அயோக்கிய ராஸ்கல்லா இருப்பான்னு யாருக்கு தெரியும்
N	TA_TE_011	நரேந்திர மோடிக்கு நீதிபதி வந்து ரெண்டு தூக்கு தண்டனையும் மூணு ஆயுள் தண்டியும் போடுற மாதிரி நடிடா
P	TA_TE_015	இப்போ ஒரு கிரிக்கெட் டீம் வந்திருக்கு அதுல ரபடான்னு ஒருத்தர் இருப்பான் அவன் மூஞ்சியும் ஆர்பி உதயகுமார் மூஞ்சி ஒண்ணா வச்சு பாருங்க ஒரே ஆத்தாளுக்கு பொறந்த மாதிரி இருப்பாளுங்க
N	TA_TE_008	விஜயதாரணியம் ஜெயலலிதாவும் நான் ரொம்ப கேவலமா சொல்றேன் தேவடியாளுக்கு பொறந்தவனுங்க
N	TA_TE_013	ராஜேந்திர பாலாஜி அவன பாத்து இருக்கியா மூஞ்சி மூக்கு கண்ணு எல்லாம் ஒரே இடத்தில் இருக்கும் நீ ஹட்ச் டாக் பாத்திருக்கியா ஹட்ச் டாக் உடைய  மூஞ்சியும் ராஜேந்திர பாலாஜி போட்டோவையும் பக்கத்துல வை ஹட்ச்டாக்கு பிறந்தவன் மாதிரியே இருப்பான்
N	TA_TE_007	இந்த சினிமா எல்லாம் முஸ்லிம்களை அறுக்குற மாதிரி காட்டணும் டேய் விஜய் வடுக்காலி பயலே அந்த நாய் கிட்ட கேளு நீ நல்ல அப்பனுக்கு பொறந்திருந்தனா
N	TA_TE_004	இதெல்லாம் தெரிஞ்சுக்கிட்டு மக்கள்கிட்ட பேசணும்னு நினைக்கிறவங்க கிட்ட இத பத்தி அட்வைஸ் பண்ணலாம் உன்னிடம் போய் சொல்லி என்ன பிரயோஜனம்
N	TA_TE_014	நம்ம ஜெயக்குமார் புரோக்கர் மாமாக்கெல்லாம் மந்திரி அவரு சிந்து தங்கச்சியை மாசமாக்கிட்டாரு ஏண்டா நீ என்னதான் முந்திரிய சாப்பிட்டு இருந்தாலும் ஷீலா மீனும் வஞ்சரம் மீனு தின்னு இருந்தாலும் இப்படி ஊருக்கு ஒருத்தியாடா வச்சிருப்ப
N	TA_TE_043	உன்னோட ஹார்ட் வொர்க் எத்தனை வருடம் ஆனாலும் ஒரு மூவ்மெண்ட் அதுதான் நமக்கு அங்கீகாரம் கிடைக்கும் நாம் நமது 100% உழைப்பை கொடுத்தால் நமக்கு நம்முடைய உழைப்பு அந்த அங்கீகாரத்தை பெற்று தரும்
G	TA_TE_028	வெண்டுங்கட்டா இவன் இவன் என்ன ஆம்புல, சும்மா ஏதாவதா இருந்தால அந்த உருப்பு இருக்குமா  என்ன பண்ண முடியும் உன்னால
C	TA_TE_024	இந்த வேலையை பண்ணிக்கிட்டாய் என்றால் உனக்கு வீடு தர மாட்டோம் இரண்டு பேரு சேர்ந்து இருப்பதற்கு நீங்கே என்று சொன்னால் உனக்கு வேலை தர மாட்டோம்
N	TA_TE_026	" இருக்கைக்கு எதிரானது, இதனால உலகம் அழியப்போகிறது என்று சொன்னார்கள். நான் ஒரே ஒரு வார்த்தை கேட்கிறேன்.  ஒருவருக்கு தம்பதி இருக்கிறார்கள் என்றால், ஒருவருக்கு குழந்தை இல்லை என்றால்,  இன்னொருவர் என்ன செய்வார்கள் என்றால்,  ஒருவர் தத்தை எடுத்துப் பார்க்கிறார்கள்.
 இருக்கைக்கு எதிரானது கிடையாதா?"
G	TA_TE_018	எமோஷனல் பிளாக்மெயில் பண்ணாதீங்க பிளட் சேம் பண்ணாதீங்க பாடி ஷேமிங் பண்ணாதீங்க இப்படி பண்ணா தான் ஒரு நல்ல பொண்ணுன்னு ஒரு விபத்து எல்லாம் போட்டு வச்சு பண்ணாதீங்க
R	TA_TE_049	சித்தப்பா வாழ்க்கைல ஒன்னு மட்டும் ஞாபகம் வச்சுக்கோங்க கஷ்டப்படாம எதுவும் கிடைக்காது கஷ்டப்படாம கிடைக்கிறது என்னைக்குமே நிலைக்காது
C	TA_TE_023	ஆனா ஒரு பொண்ணா பொறுந்தா நீ குழந்தை பெற்றுக்கணும் ஒரு பொண்ணா பொறுந்தா ஒரு ஆம்பிலைய கல்யாணும் பெற்றுக்கணும் அப்படி இல்லையென்றா நீ பொண்ணும் கிடையாது இந்த சமூகத்துக்கான ஒரு உயிரும் கிடையாது நீ செத்துப்போ அப்படின்னு
G	TA_TE_017	கிரிட்டிசைஸ் பண்றனாலையோ இல்ல அவங்களோட அப்பியரன்ஸ் பத்தி பாடிய பத்தி தப்பா பேசுறனால ஒண்ணுமே கிடைக்க போறதில்லை
N	TA_TE_033	கும்பகோணம் நம்ம கிரகிக்க முடியாத அளவுக்கு சாத்தான் அங்கே அத்தனை கோயில் எத்தனை இடம் வேறு ஒன்று
N	TA_TE_022	உன்னால் யாவும் கட்டிப்பாடு!
N	TA_TE_048	ஏதாவது ஹெல்ப் பண்ணு ப்ளீஸ் வேற யார்கிட்ட கேட்கறதுன்னு தெரியல நீதான் குலதெய்வம் ப்ளீஸ்
C	TA_TE_036	பைபிள் என்ற சொல்லே பைபிளில் இல்லை அது கிரேக்க வார்த்தை இருந்து வந்தது புத்தகங்களில் இருந்து வந்த புத்தகம் என்று பொருள் பைபிளுக்கு பல ஆசிரியர்கள் உண்டு என்று அறிஞர்கள் சொல்கிறார்கள் அப்படி என்று நான் சொல்லவில்லை கிறிஸ்தவ அறிஞர்கள் சொல்கிறார்கள் ஆகவே இன்றைய பைபிளை கடவுளின் வார்த்தைகள் என்று நான் கருதவில்லை
R	TA_TE_039	இந்த பைக்கில் அவரை பெட்ரோல் ஊத்தி கொளுத்தி விட்டு பழியை முஸ்லிம் இளைஞர்கள் மீது குறிப்பாக மாமா கவின் உடைய மாவட்ட செயலாளர் அமீன் மீதும் மற்றும் ஒரு 15 முஸ்லீம்களை கைது செய்ய சொல்லி காவல்துறை அழுத்தம் கொடுக்க காட்டுமன்னார்கோவில் காவல்துறை அப்பாவியான மசூத் அகமது என்கின்ற 25 வயது இளைஞரை அதுவும் ஒரு நோயாளியை அவரை வந்து கைது செய்து சிறையில்
N	TA_TE_034	இப்போது நம்மிடையே உள்ள பைபிள் ஒரு கலவையாக உள்ளது இறைவனின் வார்த்தைகளும் அதில் இருக்கலாம் அவை குர்ஆனுக்கு ஒத்திருந்தால் அந்த வார்த்தைகளை இறைவனின் சொல் என்று ஏற்பதில் எந்த ஆட்சேபனையும் இல்லை ஆனால் இறைத்தூதர்களின் வார்த்தைகளும் அதில் இருக்கிறது வரலாற்று ஆசிரியர்களின் சொற்களும் இடம் பெற்றுள்ளன சொல்ல வருந்துகிறேன் ஆபாச செய்திகளும் உள்ள
N	TA_TE_035	திருக்குர்ஆன் 30 விஞ்ஞான தவறுகளை கொண்டுள்ளது என்று அவர் சுட்டிக் காட்டினார் நான் யு எஸ் சென்றேன் நான் பைபிளின் மீது வைத்த 38 குற்றச்சாட்டுகளுக்கும் அவர் பதில் தரவில்லை
N	TA_TE_019	மத்தவங்க பிலாசஸ் சும்மா சும்மா குத்தி காட்டாதீங்க
N	TA_TE_041	நாம் அழகா அசிங்கமா அப்படிங்கறது முக்கியம் கிடையாது லுங்கறது மேட்டரே கிடையாது நம்ம எவ்வளவு அசிங்கமா இருந்தாலும் உன் மைண்டுக்கு உன் மேல ஆசை இருந்துச்சுன்னா உன்ன பார்க்கிறவன் எல்லாம் உன்னை பார்த்து அட்ராக்ட் ஆகலாம்
P	TA_TE_016	இங்க ராயபுரத்தில் இருக்க மீன் காரி பொண்டாட்டிக்கும் நாயக்கர் பொண்டாட்டிக்கு இருக்க பொது அறிவு கூட இந்த செல்லூர் ராஜூக்கு இல்லை
N	TA_TE_029	ஆனால் அந்த பெண்ணாக இருந்து ஆனா மாறம்போது ஒன்றும் பிரவாயில்லையே. அவங்க கல்யாணம் பண்ணாலுமே வந்து குழந்தைக்குட்டின்னு அந்த குடும்ப விருத்தியாகாதே. பிறகு என்ன பா வாழ்க்கு? இது இல்லாமல் என்ன வாழ்க்கு? அந்த பையன் வாழ்க்கு?  அப்படின்னு மாதிரி ஒரு நினைப்போது...
R	TA_TE_038	நாங்க இன்னிக்கு நைட் நினைச்சா வச்சுக்கோ ஒரு கையில் வாலையும் ஒரு கையில் குர்ஆனையும்  ஏந்தி இன்னைக்கு நைட்டு புறப்படும் சொன்னா  நாளைக்கு இந்தியா இஸ்லாமிய நாடாக இருக்கும்
N	TA_TE_021	தனக்கு விருப்பப்பட்ட ஒரு உடையா, தனக்கு விருப்பப்பட்ட ஒரு தலையில இருக்குற முடியைக்கூட தான் விருப்பப்படி வெச்சிக்க முடியாது
P	TA_TE_030	பச்சங்கள் வந்து செக்ஸ்தான் பெரிது, அதுதான் ஆம்பளத்தனம் என்று நினைக்கிறார்கள்
G	TA_TE_032	அப்ப முஸ்லிம் நாட் அல்லவுட்னு போட்டுருங்க வித் ஹிஜாப் நாட் அல்லோவ்டுன்னு போட்டுருங்க. எனக்கு சம்பந்தமே இல்லாம பேசுறீங்களே.  அவங்க என்ன பிட்டு துணி போட்ட படம் போட்டு இருக்காங்க. அவன் ஒன்னும் அம்மணமா இல்லையே அதுக்கும் இந்த டிரஸுக்கும் என்ன சம்பந்தம். இல்லை எனக்கு புரியல. சரி அதனால. பாக்க கூடாதுன்னு ஏதாவது ரூல்ஸ் இருக்கா என்ன.
N	TA_TE_037	அந்த குறிப்பு எங்கு வருகிறது யோவான் அதிகாரம் 14 நீங்களே காணலாம் எந்த வசனம் என்னிடம் கையில் பைபிள் உள்ளது சொல்கிறேன் யோவான் அதிகாரம் 14 வசனம் 16 விளக்கம் கூறுங்கள் 16 அல்ல அது ஆறாவது வசனம் 16 அல்ல மருந்துகளை மிஸ்டர் நீங்கள் எனக்கு பைபிளை கற்றுத் தர வேண்டாம் கேட்டதற்கு மட்டும் பதில் சொல்லு
G	TA_TE_045	வைராக்கியத்துடன் இருக்கிறோமா வாழ்க்கை ஒருபோதும் நமக்கு உத்தரவாதம் தராது வாய்ப்பு மட்டும் தான் தரும் கிடைக்கின்ற வாய்ப்பை அடுத்த கட்டத்திற்கு உபயோகித்து செல்ல வேண்டும்
R	TA_TE_031	இங்க பாபரி மஸ்ஜித் வந்து பள்ளிவாசல் இடிச்சுட்டு கட்டினால் தான் பிரச்சனை அது கோயில் இடித்துவிட்டு பள்ளிவாசல் கட்டினார்கள் என்று திரும்பத் திரும்ப சொல்லப்படுற பொய் தான் பிரச்சனை அதன் மூலமாக வரக்கூடிய தலைமுறையும் இதுவரை கடந்து வந்த தலைமுறைகளும் பெருமளவில் பாதிக்கப்பட்டு இருக்காங்க இனி வரும் தலைமுறையின் பெருமளவு பாதிக்கப்படும்
N	TA_TE_046	அவங்க சந்தோஷம் தான் எனக்கு முக்கியம் அவங்க நல்லா இருக்கணும்னா மொட்டை அடிக்க வேண்டும் என்றால் மொட்டை அடிச்சுக்கிட்டேன் அழகு குட்டி தீமை சார்ஜ் அந்த கோயிலுக்கு போ அந்த பரிகாரம் பண்ணு இந்த கோயிலுக்கு போய் இந்த பரிகாரம் பண்ணுனா எல்லாத்தையுமே பண்ணுங்க இனிமே என்ன பண்றதுன்னு தெரியல
G	TA_TE_040	இவர்கள் பக்தர்களாக போகும்போது பிரச்சனை இல்லை இந்துக்கள் முஸ்லிம்களின் பிரச்சினை இல்லை இந்துக்களின் பெயரால் நாங்கள் ஆட்சி செய்யப் போகிறோம் ராம ராஜ்ஜியத்தை அமைக்கப் போகிறோம் இதற்கு எதிரிகள் முஸ்லீம்கள் தான் என்று சொல்லி முஸ்லிம்களை எதிரியாக நிறுத்தும் இவர்கள்தான் பிரச்சனை
N	TA_TE_050	கேவலமா இருக்கு என்றது வந்து நான் வந்து சின்ன வயசுல இருந்தே கேட்டுட்டு இருக்கேன் சோ எனக்கு இது புதுசா இல்ல எது புதுசா நான் இங்க நிக்கிறது தான் புதுசு
N	TA_TE_047	திடீர்னு பார்த்தா பார்க்கிற இடத்தில் நீ தெரியல என்கிட்ட எதுவும் சொல்ல வர மாதிரி தோனுச்சு அந்த பாட்டி சொன்னாலே கோவமா இருக்கோன்னு உனக்கு கோவம் வர அளவுக்கு நாங்க என்ன பண்ணனும்னு தெரியல ஆனா நானும் நானும் என் குடும்பம் ஏதாவது தப்பு பண்ணி தானே எங்களை மன்னிச்சிடு
N	TA_TE_044	நீங்கள் வாழ்க்கையில் நிச்சயம் ஜெயிக்க வேண்டும் என்றால நீங்கள் சில விஷயங்களுக்கு நோ சொல்ல வேண்டும் விசுவாசம் வைராக்கியம் வேண்டும் இன்னிக்கு யார் கேட்டாலும் வைராக்கியம் இல்லை ஏதோ ஒரு விஷயம்க்காக நம் வைராக்கியம் தவறவிட்ட காரணத்தினால் நாம் இதயம் என்பது கல்லாகி விட்டது
G	TA_TE_027	"எல்ஜிப்பிட்டியில் யாரைப் பார்த்தாலும் எடுத்தவுடனே நினைக்கும் ஒரே விஷயம் செக்ஸ்தான் இவங்க அதுதான் பண்ணுவாங்க. அப்படின்னுமா நினைக்கிறாங்க.  இங்க அதன் தாண்டி எங்களுக்கு ஒரு மனசு இருக்குங்க.
 அதை யாருமே பார்க்க மாட்டுன்றாங்க."
N	TA_TE_042	உங்கள சுத்தி எவ்வளவு பேர் இருந்தாலும் சரி உயரத்தில் எவ்வளவு கஷ்டம் இருந்தாலும் சரி உங்க எதிர்த்து எத்தனை பேரு பேசினாலும் சரி அவங்க என்ன நினைப்பாங்கன்னு நம்ம யோசிக்காம நமக்கு புடிச்ச விஷயத்தை ரொம்ப லவ்வோட செஞ்சா அது எல்லாருக்கும் கண்டிப்பாக பிடிக்கும்
N	TA_TE_020	பாடி ஷேமிங்னா என்னன்னு கூட தெரியாது ஒருத்தவங்க உடைய பத்தி பேசுறதே பாடிஷினிங்தான்
C	TA_TE_025	ஹெட்ரோ செக்ஷ்வல் லவ், ரொம்ப புனிதம் ஹொமோ செக்ஷ்வல் லவ், அசிங்கம் அப்படியென்கிறது வந்து...
