Class Label Short	File Name	Transcript
P	ML_TE_12	ഇന്ത്യയിലെ സ്ത്രീകൾ ഒളിമ്പിക് മെഡൽ നേടിയത് മുഴുവനും ശക്തിയുമായി ബന്ധപ്പെടുത്തിയിടാ ഭാരത്‌വകനും ഷൂട്ടിംഗ് പോൾ വാൾട്ടും ഷോട്ട് പുട്ട് അങ്ങനെ പല കാര്യങ്ങൾക്കൊക്കെയാണ് പലതരം മെഡലുകൾ നേടിയിട്ടുള്ളത്
C	ML_TE_006	നീ പോടാ പുല്ലേ നീയാരാടാ എന്റെ നേരെ വന്നിട്ട് പോടീ പുല്ലേ എന്നു പറയാൻ നീ നിൻറെ വീട്ടിൽ പോയി വിളിക്കെടാ പോടാ പുല്ലേ
G	ML_TE_24	5 ലക്ഷം മുസ്ലീങ്ങളിൽ നിന്ന് 26 പേര് ഐഎസ്ഐ യിൽ തേങ്ങയിലെ ഒക്കെ പോയി എന്നുപറഞ്ഞാൽ ഒരു പുല്ലും സംഭവിക്കില്ല
N	ML_TE_44	പ്രച്ചോദ്ധനം  ആയിരിക്കും ഈലാവർകും പ്രതിസന്ധികളുടെ കഥ ഉണ്ടായിരിക്കും ഒരു ഹാർഡ് വർക്കിൻ്റെ ഒരു തോൽവിയുടെ കഥ
P	ML_TE_27	ഇപ്പോൾ ആർഎസ്എസിൽ ഹിന്ദുത്വം ടെററിസം കൂടിവന്നുണ്ട് അത് വളരെ ശരിയാണ്
P	ML_TE_007	നീയത് കാണുമെന്നും എനിക്കറിയാം നീ ഇത് ലൈക് അടിക്കുമെന്നും എനിക്കറിയാം ഇതിന് കമൻറ് അടിക്കുമെന്ന് എനിക്കറിയാം എടാ നീ എന്നെ സ്നേഹിച്ചിട്ട് തേച്ചിട്ട് പോയില്ലേടാ തയോളി
N	ML_TE_37	ഞാൻ പറഞ്ഞു വന്നത് എന്താണെന്ന് വെച്ചാൽ ഓൾമോസ്റ്റ് ഓൾ മുസ്ലിംസ് ആർ നോട്ട് ടെററിസ്റ്റ് ബട്ട് ഓൾ ടെററിസ്റ്റ് ആർ മുസ്ലിംസ്
G	ML_TE_17	സ്ഥനങ്ങൾ തള്ളിനിൽക്കുന്ന സഹോദരിമാരെ ആഗ്രഹിക്കാത്തത് ആരുണ്ടാകും
C	ML_TE_42	പ്രയാസം ഉണ്ടകും മടുത്തു തുടങ്ങും എന്നാലും നിങ്ങളുടെ ആത്മാർത്ഥത ആത്മവിശ്വാസം നഷ്ടപ്പെടുത്തരുത് പ്രസ്ഥാനത്തിനും ഈ ലോകത്ത് ഈസ്റ്റ് അല്ലാണ് ഓർക്കുക
R	ML_TE_45	എപ്പോൾ ഈ സെക്കൻഡിൽ തീവ്ര തീരുമാനം എടുക്കണം ഇതുവരേയൽ ഇനി മുതൽ എങ്ങനെ ജീവികും എന്നത് വേറെ ഒരുത്തൻ ആണെന്ന് തീരുമാനിക്കുക തുടക്കം ആകടെ നിങ്ങളുടെ തീരുമാനം ആണ് നിങ്ങളുടെ വിജയം നിങ്ങളുടെ വിജയം കാണാനും പുറകിൽ ആകുടെന് മറക്കരുത്
N	ML_TE_25	ഇത്രയ്ക്ക് പച്ചയ്ക്ക്  ഊബിക്കുന്ന ഒരുത്തൻ വേറെ ഒരുത്തൻ ഇല്ല എന്നുള്ളതാണ് രാമസിംഹനെ കുറിച്ച് പറയാനുള്ളത്
G	ML_TE_18	ബന്ധപ്പെട്ട ശാരീരിക ബന്ധത്തിലേർപ്പെട്ടാലും അത് നിലനിൽക്കും എന്ന് പറയുമ്പോൾ
G	ML_TE_39	മുസ്ലീങ്ങളെ പീഡിപ്പിക്കപ്പെടുന്നില്ല എന്നാണെങ്കിൽ പറയുന്നതെങ്കിൽ പറഞ്ഞോട്ടെ
C	ML_TE_001	നീ പോടാ നാറീ വെച്ചിട്ട് പോടാ
N	ML_TE_49	സാഹചര്യങ്ങളെ ഓർത്ത് പിന്മാറിയവരല്ല സ്വന്തം കഴിവുകൾ വിശ്വാസമുള്ളവരാണ് ജീവിതത്തിലെ സ്വപ്നങ്ങൾ സ്വന്തമാക്കി യത്
N	ML_TE_21	കേരള സ്റ്റോറി എന്നല്ല ആ സിനിമയ്ക്ക് പേരിടേണ്ടത് അത് സംഘി സ്റ്റോറി എന്നാണ് കറക്റ്റ് ആയിട്ട് ചേരുന്ന പേര് സംഘി സ്റ്റോറി എന്നതാണ്
G	ML_TE_003	എടാ തന്തയ്ക്കും തള്ളയ്ക്കും ഉണ്ടായതാണെന്ന് പറഞ്ഞിട്ട് കാര്യമില്ല അതിൻറെ കോണ കാണിക്കടാ നാറി
C	ML_TE_22	വർഗീയ വൽക്കരിക്കാൻ ഒന്നും കേരളത്തിൽ നടക്കൂലന്നെ കേരളത്തിൽ ഒരു ചുക്കും നടക്കില്ല വർഗീയവൽക്കരണം
N	ML_TE_50	ആത്മാർത്ഥ സ്നേഹം അമിത വിശ്വാസവും എവിടെ പ്രയോഗിച്ചാലും അവസാനം ദുഃഖിക്കേണ്ടിവരും
C	ML_TE_13	അതുകൊണ്ട് പുരുഷന്മാരെ വളരെ കുറച്ച് കാര്യങ്ങൾകേ മെഡലുകൾ നേടിയിട്ടുള്ളൂ
R	ML_TE_005	പോടാ പൂറി മൈരെ കിടന്ന് മെനയ്ക്കാതെ
G	ML_TE_28	എന്നാണോ ആർഎസ്എസ് അവസാനിപ്പിക്കുന്നത് നിങ്ങൾ പിടിച്ചാൽ പിടികിട്ടാത്ത വിധത്തിൽ  ഞങ്ങളുടെ നേതാക്കന്മാരിലും പ്രവർത്തകന്മാരിലും തൊട്ട കരങ്ങളും അതോടൊപ്പം തന്നെ തലകളും തേടിയിട്ടുള്ള
P	ML_TE_31	നമ്മൾ എന്താ സർവാണികളോ അതോ ചില ഇറച്ചി കടിപിടി കൂടുണ്ടവരോ ഇവിടുത്തെ ബാക്കി സമൂഹങ്ങൾ ഒക്കെ
C	ML_TE_009	ഈ പൂറി മോൻ ഈ പുണ്ടചി തയോളി പറയുകയാണ്
R	ML_TE_41	വിജയിക്കണം എങ്കിൽ ആദ്യം ബിസിനസ് പഠിക്കണം ജോലി ആണ് ആവിശ്യം എങ്കിൽ അലസത മാറ്റി ഇറങ്ങാൻ പഠിക്കണം നല്ല മാർക്ക് എക്സാം ന് നേടുകയാണ് ആവിശ്യം എങ്കിൽ നന്നായി പഠിക്കണം ആ മടിയാണ് നിങ്ങള് തോൾവിയിലേക് നയിക്കുന്നത് ഇത് മാറ്റാൻ തയറയെങ്കിൽ മാത്രമേ എന്തെങ്കിലും ചെയ്യാൻ ആഗ്രഹിലച്ചൽ 5 സെക്കൻ്റ് ചെയ്തു തുടങ്ങണം ഇല്ലെങ്കിൽ മടി പ്രേരിപ്പിക്കും
G	ML_TE_29	പിസി ജോർജിനെ പരമ ചെറ്റ എന്ന് വിളിച്ചിട്ടുണ്ട്
C	ML_TE_19	അച്ചായന്റെ കൊല ഇന്നു പുറത്തിടുമോ
G	ML_TE_002	എടാ പുണ്ട്ച്ചി പൂറി മോനെ നിനക്ക് വിങ്ങുന്നുണ്ടോടാ നിൻറെ ഉണ്ട കിടന്നു വിങ്ങുന്നുണ്ടോടാ അപരാധി പൂറി മോനെ
C	ML_TE_35	ഒരു 20 കൊല്ലം കഴിയുമ്പോൾ ഇന്ത്യ കേരളം ഒരു മുസ്ലിം രാജ്യമാകും ഭൂരിപക്ഷമാകും അതായത് ചെറുപ്പക്കാരായ ആളെ എല്ലാം സ്വാധീനിച്ചിട്ട് പണം കൊടുത്തിട്ട് അവരെ മുസ്ലിം ആക്കുക മുസ്ലിം യുവതികളെ കല്യാണം കഴിക്കുക അങ്ങനെ മുസ്ലീമായി ജീവിക്കുക
G	ML_TE_004	പോടാ പൂറി മൈരെ കിടന്ന് മെനയ്ക്കാതെ
R	ML_TE_20	ഇവന് എന്നോട് ഗേ ക്രഷ് ആയി
G	ML_TE_008	കേട്ടോടാ മറ്റേ മോനെ നിൻറെ അമ്മയെ ചെന്ന് വിളിക്ക് എന്നെ വിളിക്കാതെ
G	ML_TE_23	ബിജെപി കുറെ കാശ് ഇറക്കി ഇതുപോലെത്തെ  കോണകത്തിലെ പടങ്ങൾ ചെയ്താൽ ഒരു പുല്ലും സംഭവിക്കില്ല കേരളത്തിൽ
G	ML_TE_11	പുരുഷനാണ് ബലം കൂടുതലില്ലെന്ന് ആരാണ് നിങ്ങളെ പഠിപ്പിച്ചത് ഈ സമൂഹത്തിൽ
R	ML_TE_30	എൻഎസ്എസിന്റെ തലപ്പത്തിരിക്കുന്ന ആൾക്കാരെ പോലെ സമുദായത്തിനോ സമൂഹത്തിനോ ഒരു ഗുണവുമില്ലാത്ത ആൾക്കാർ ഇരിക്കുന്ന പോലെ
N	ML_TE_36	സംഘി വൽക്കരണമായിട്ടുള്ള ഒരു സിനിമ സംഘികൾ പണം ഉണ്ടാക്കിയിട്ട് നമ്മുടെ കേരളത്തിനെ അപമാനിക്കുന്നതിന് വേണ്ടി ഇറക്കിയ സിനിമ
P	ML_TE_16	മങ്ങലേറ്റിട്ടില്ലാത്ത തിളങ്ങുന്ന ശരീരമുള്ള സഹോദരികൾ
N	ML_TE_34	ഇവിടെ ശിവൻറെ ശിവലിംഗം എന്ന് പറയുന്ന അവർ ആരാധിക്കുന്ന ഒരു വസ്തു ഉണ്ട് അതിൻറെ സ്ഥലമാണ് അപ്പം പണ്ട് ഇവിടെ ഷൈവരായ ആൾക്കാർ ആരാധിച്ചിരുന്നു
C	ML_TE_15	ഇതുപോലെ ഒരു കുടുംബത്തെ തകർക്കാൻ ആയിട്ട് ഇയാളെ വെടിവച്ചു കൊല്ലണം
G	ML_TE_38	പശുവിനെ മാംസം തിന്നോളണമെന്നില്ല അടുത്തുകൂടെ പോയിട്ടുണ്ട് എങ്കിൽ തന്നെ തല്ലിക്കൊല്ലും
P	ML_TE_32	ഇവര് കോടികൾ കൊണ്ടുപോകുന്ന ശബരിമലയിൽ നിന്ന് ദേവസ്വം ബോർഡിൽ നിന്ന് എന്തിന് ഭക്തരുടെ സുരക്ഷയ്ക്ക് വേണ്ടിയിട്ട്
N	ML_TE_43	അതൊരു പ്രക്രുതി നിയമം ആണ് നമ്മളും അ നിയമത്തിൻ്റെ ഭാഗം ആണ് വീടും വീടും തോൾകാം തോൽക്കുന്നത് വീഴുമ്പോൾ എല്ലാ വീനടുതുണ് എഴുനേൽകത്തിരികുമ്പോൾ തോമസ് എഡിസൺ ബൾബ് കണ്ട് പിടിക്കാൻ വേണ്ടി 1000 പ്രാവിശ്യം ശ്രമിച്ചു അതിനോടുവിൽ ആണ് ബൾബ്
G	ML_TE_33	എന്തൊരു കാലമാ ടിപ്പു ഏറ്റവും വൃത്തികെട്ട വർഗീയവാദി അല്ലായിരുന്നു അയാൾ
C	ML_TE_010	പൂറി മോനെ പന്ന തയോളി
G	ML_TE_40	ആളുടെ ശരീരവും വേഷവും കാണുമ്പോൾ ഈ മുസ്ലീമാണ് ഡോ എന്ന് ചോദിച്ചിട്ട് തല്ലിക്കൊല്ലുന്നു
N	ML_TE_47	മറ്റുള്ളവരുടെ കുറ്റങ്ങൾ പറയുന്ന സദസ്സിൽ നിങ്ങൾ ഒരിക്കലും ഇരിക്കരുത് കാരണം നിങ്ങൾ ഇരുന്ന കസേര ഒഴിയുന്ന സമയം മുതൽ അവരുടെ അടുത്ത ചർച്ചക്കുള്ള കഥാപാത്രം നിങ്ങൾ ആയിരിക്കും
C	ML_TE_14	എനിക്ക് ശരിക്കും പറഞ്ഞാൽ ഉണ്ടല്ലോ അയാളെ വെടിവെച്ചു കൊല്ലണം
N	ML_TE_48	ലക്ഷ്യത്തിലേക്കുള്ള യാത്രയിൽ നിങ്ങൾ ബുദ്ധിമുട്ടുണ്ടെങ്കിൽ പുരോഗമിക്കുന്നു എന്നാണ്
N	ML_TE_46	സ്നേഹിക്കാൻ നല്ലത് മിണ്ടാപ്രാണികയാണ് അദ്ദേഹം മുറിവേൽപ്പിച്ചാലും വാക്കുകൊണ്ട് പ്രവർത്തികൊണ്ടും അവർക്ക് ഹൃദയം നിറവേറ്റിക്കില്ല
C	ML_TE_26	ഷൈനിയെ താങ്കൾ ഒരു ടെററിസ്റ്റ് കൺട്രിയായി കണക്കാക്കപ്പെടുന്നുണ്ടോ
